"Pesel","2597202"
"Pesel","63880628"
"Pesel","112574"
"Pesel","27398276"
"Pesel","61461925"
"Pesel","99386166"
"Pesel","38595454"
"Pesel","60988064"
"Pesel","34175902"
"Pesel","30539366"
"Pesel","89461534"
"Pesel","94828972"
"Pesel","29187476"
"Pesel","61527555"
"Pesel","58511534"
"Pesel","20135938"
"Pesel","33083251"
"Pesel","15133800"
"Pesel","34518892"
"Pesel","3129204"
"Pesel","46334980"
"Pesel","45982020"
"Pesel","78360319"
"Pesel","94299812"
"Pesel","57528623"
"Pesel","9843634"
"Pesel","25116114"
"Pesel","53567101"
"Pesel","23903166"
"Pesel","28423913"
"Pesel","55452877"
"Pesel","42433526"
"Pesel","40658567"
"Pesel","87697723"
"Pesel","71702883"
"Pesel","28761013"
"Pesel","30605084"
"Pesel","60541701"
"Pesel","40347411"
"Pesel","93847332"
"Pesel","1472637"
"Pesel","67516455"
"Pesel","39496321"
"Pesel","98097655"
"Pesel","17353415"
"Pesel","71136155"
"Pesel","21482874"
"Pesel","76056063"
"Pesel","44446831"
"Pesel","95544818"
"Pesel","98143732"
"Pesel","66059731"
"Pesel","82011004"
"Pesel","60087354"
"Pesel","1482590"
"Pesel","67953200"
"Pesel","8080899"
"Pesel","56755346"
"Pesel","31031902"
"Pesel","10741789"
"Pesel","93936582"
"Pesel","19519695"
"Pesel","64929156"
"Pesel","74814306"
"Pesel","56683396"
"Pesel","28869246"
"Pesel","20258790"
"Pesel","73142742"
"Pesel","46395153"
"Pesel","66458236"
"Pesel","17998339"
"Pesel","10959200"
"Pesel","60060895"
"Pesel","51869786"
"Pesel","59298213"
"Pesel","48995968"
"Pesel","14623489"
"Pesel","7184392"
"Pesel","94139524"
"Pesel","63255831"
"Pesel","25072746"
"Pesel","14657032"
"Pesel","52992071"
"Pesel","39395508"
"Pesel","36696430"
"Pesel","54440842"
"Pesel","68218205"
"Pesel","7853592"
"Pesel","96547118"
"Pesel","85026511"
"Pesel","61371492"
"Pesel","33975365"
"Pesel","771213"
"Pesel","3999757"
"Pesel","50122931"
"Pesel","97766079"
"Pesel","3934346"
"Pesel","11756895"
"Pesel","54735554"
"Pesel","26652902"
"Pesel","7745667"
"Pesel","99931834"
"Pesel","98550175"
"Pesel","26052619"
"Pesel","45831585"
"Pesel","53086936"
"Pesel","88718916"
"Pesel","19008269"
"Pesel","81088736"
"Pesel","50059812"
"Pesel","36953024"
"Pesel","24279058"
"Pesel","72100498"
"Pesel","98050374"
"Pesel","89197330"
"Pesel","90076671"
"Pesel","84667021"
"Pesel","36429860"
"Pesel","91371030"
"Pesel","77341086"
"Pesel","94246922"
"Pesel","57186806"
"Pesel","51554935"
"Pesel","80983413"
"Pesel","80704464"
"Pesel","93514464"
"Pesel","35567994"
"Pesel","20640322"
"Pesel","97064393"
"Pesel","96226254"
"Pesel","25303425"
"Pesel","68292806"
"Pesel","45680433"
"Pesel","53082714"
"Pesel","73904948"
"Pesel","57625191"
"Pesel","26482611"
"Pesel","57777582"
"Pesel","88886653"
"Pesel","33168733"
"Pesel","33366072"
"Pesel","68134400"
"Pesel","41223838"
"Pesel","18989388"
"Pesel","23596894"
"Pesel","56825989"
"Pesel","47674136"
"Pesel","10171924"
"Pesel","73198381"
"Pesel","73335315"
"Pesel","35533778"
"Pesel","1888521"
"Pesel","13034966"
"Pesel","52282858"
"Pesel","85832461"
"Pesel","81555218"
"Pesel","32815465"
"Pesel","94587067"
"Pesel","81282120"
"Pesel","82819300"
"Pesel","66146703"
"Pesel","10630469"
"Pesel","11320797"
"Pesel","59388577"
"Pesel","21627875"
"Pesel","83420527"
"Pesel","94274298"
"Pesel","56181639"
"Pesel","19823094"
"Pesel","10700460"
"Pesel","92309713"
"Pesel","79757324"
"Pesel","2302165"
"Pesel","1881873"
"Pesel","82056029"
"Pesel","74507752"
"Pesel","22578679"
"Pesel","63823628"
"Pesel","9325429"
"Pesel","30018471"
"Pesel","77843220"
"Pesel","20976580"
"Pesel","91361837"
"Pesel","71177430"
"Pesel","9590412"
"Pesel","40480112"
"Pesel","69784249"
"Pesel","36664992"
"Pesel","23219951"
"Pesel","4544752"
"Pesel","34662977"
"Pesel","77388861"
"Pesel","77272150"
"Pesel","36073428"
"Pesel","14761596"
"Pesel","78792988"
"Pesel","59798807"
"Pesel","31502866"
"Pesel","91070759"
"Pesel","23489710"
"Pesel","44277618"
"Pesel","81100922"
"Pesel","24681657"
"Pesel","82138763"
"Pesel","98634693"
"Pesel","32651851"
"Pesel","68831009"
"Pesel","64134852"
"Pesel","26387119"
"Pesel","6096310"
"Pesel","21951777"
"Pesel","32111586"
"Pesel","96633338"
"Pesel","28724371"
"Pesel","41303342"
"Pesel","70597004"
"Pesel","65608633"
"Pesel","93435077"
"Pesel","46510159"
"Pesel","18348690"
"Pesel","53447015"
"Pesel","57891377"
"Pesel","26875184"
"Pesel","60922029"
"Pesel","48309997"
"Pesel","986101"
"Pesel","23172145"
"Pesel","78479051"
"Pesel","42962344"
"Pesel","62264156"
"Pesel","3741809"
"Pesel","52568246"
"Pesel","15740570"
"Pesel","83566048"
"Pesel","41532819"
"Pesel","8091087"
"Pesel","34626862"
"Pesel","20313171"
"Pesel","67792822"
"Pesel","14476297"
"Pesel","17698727"
"Pesel","60816704"
"Pesel","17953985"
"Pesel","13383050"
"Pesel","15620356"
"Pesel","71853006"
"Pesel","45297990"
"Pesel","38908913"
"Pesel","19818788"
"Pesel","23883194"
"Pesel","7900074"
"Pesel","94499165"
"Pesel","19266106"
"Pesel","58183365"
"Pesel","5814379"
"Pesel","87821036"
"Pesel","47694876"
"Pesel","82818204"
"Pesel","82844838"
"Pesel","75595967"
"Pesel","49003063"
"Pesel","54140680"
"Pesel","64003568"
"Pesel","30685009"
"Pesel","27563829"
"Pesel","43799514"
"Pesel","80330950"
"Pesel","43497186"
"Pesel","20909994"
"Pesel","3489220"
"Pesel","84642663"
"Pesel","37229888"
"Pesel","34778258"
"Pesel","11028882"
"Pesel","29286481"
"Pesel","41146728"
"Pesel","89956010"
"Pesel","46397886"
"Pesel","2515816"
"Pesel","61377760"
"Pesel","23769607"
"Pesel","33035700"
"Pesel","52388050"
"Pesel","8079062"
"Pesel","4499877"
"Pesel","43024052"
"Pesel","98957123"
"Pesel","74858171"
"Pesel","76647211"
"Pesel","75604016"
"Pesel","73136161"
"Pesel","17375611"
"Pesel","99291306"
"Pesel","63918959"
"Pesel","8722160"
"Pesel","90486672"
"Pesel","11369252"
"Pesel","33889044"
"Pesel","5834183"
"Pesel","5889678"
"Pesel","92567770"
"Pesel","26833701"
"Pesel","67376274"
"Pesel","46571697"
"Pesel","8241798"
"Pesel","67885316"
"Pesel","34024273"
"Pesel","43907850"
"Pesel","45278933"
"Pesel","30462379"
"Pesel","23424038"
"Pesel","98429676"
"Pesel","60887650"
"Pesel","2764649"
"Pesel","36372778"
"Pesel","46035586"
"Pesel","91668392"
"Pesel","31703698"
"Pesel","5246141"
"Pesel","19333993"
"Pesel","1221332"
"Pesel","86040736"
"Pesel","84218521"
"Pesel","99047865"
"Pesel","64877077"
"Pesel","55769267"
"Pesel","98307913"
"Pesel","70599775"
"Pesel","99279994"
"Pesel","18431524"
"Pesel","99758215"
"Pesel","75140341"
"Pesel","20396450"
"Pesel","29134408"
"Pesel","62380752"
"Pesel","22750142"
"Pesel","60428454"
"Pesel","7554611"
"Pesel","46409787"
"Pesel","69629774"
"Pesel","98491224"
"Pesel","63112160"
"Pesel","63652361"
"Pesel","31242679"
"Pesel","52147752"
"Pesel","24370879"
"Pesel","99635065"
"Pesel","94427384"
"Pesel","54473025"
"Pesel","84221318"
"Pesel","5058816"
"Pesel","91647211"
"Pesel","5482930"
"Pesel","24715165"
"Pesel","59544597"
"Pesel","40756366"
"Pesel","41129703"
"Pesel","59137932"
"Pesel","46468992"
"Pesel","94273257"
"Pesel","701404"
"Pesel","73758977"
"Pesel","90103071"
"Pesel","45801837"
"Pesel","38672321"
"Pesel","774048"
"Pesel","3252724"
"Pesel","54125208"
"Pesel","95201489"
"Pesel","21736350"
"Pesel","17627909"
"Pesel","60333542"
"Pesel","6499304"
"Pesel","82959362"
"Pesel","24627235"
"Pesel","65054713"
"Pesel","43834147"
"Pesel","70414606"
"Pesel","65150353"
"Pesel","56088737"
"Pesel","58956653"
"Pesel","83856150"
"Pesel","88469708"
"Pesel","54720762"
"Pesel","13684453"
"Pesel","34722940"
"Pesel","47058896"
"Pesel","18892994"
"Pesel","37848367"
"Pesel","47393424"
"Pesel","79969893"
"Pesel","13903425"
"Pesel","22986812"
"Pesel","17750656"
"Pesel","16195788"
"Pesel","9161425"
"Pesel","25797194"
"Pesel","73271033"
"Pesel","50199773"
"Pesel","19347346"
"Pesel","7902169"
"Pesel","62628474"
"Pesel","59920777"
"Pesel","88396358"
"Pesel","2975592"
"Pesel","12151387"
"Pesel","39421665"
"Pesel","54276096"
"Pesel","60756997"
"Pesel","11111368"
"Pesel","47910120"
"Pesel","21899214"
"Pesel","29966891"
"Pesel","51350938"
"Pesel","77150042"
"Pesel","56998020"
"Pesel","3747611"
"Pesel","54087349"
"Pesel","80346403"
"Pesel","80040426"
"Pesel","82252681"
"Pesel","93398540"
"Pesel","26785118"
"Pesel","12949929"
"Pesel","40148839"
"Pesel","89213727"
"Pesel","40337981"
"Pesel","86308997"
"Pesel","83364532"
"Pesel","33443707"
"Pesel","390989"
"Pesel","55019346"
"Pesel","37206635"
"Pesel","9315433"
"Pesel","73044604"
"Pesel","39969036"
"Pesel","79612701"
"Pesel","88749901"
"Pesel","48870842"
"Pesel","66883166"
"Pesel","5150088"
"Pesel","36812030"
"Pesel","71215158"
"Pesel","99521015"
"Pesel","92088298"
"Pesel","31094718"
"Pesel","4696280"
"Pesel","68525730"
"Pesel","23797901"
"Pesel","74501182"
"Pesel","54750738"
"Pesel","96947958"
"Pesel","12714438"
"Pesel","55117868"
"Pesel","28449116"
"Pesel","41715605"
"Pesel","78750203"
"Pesel","91991815"
"Pesel","42575216"
"Pesel","23616454"
"Pesel","76042957"
"Pesel","75037919"
"Pesel","38270784"
"Pesel","60893215"
"Pesel","48953863"
"Pesel","4947854"
"Pesel","5544992"
"Pesel","80709531"
"Pesel","21675470"
"Pesel","96578694"
"Pesel","22904631"
"Pesel","62924718"
"Pesel","18727094"
"Pesel","57164410"
"Pesel","68590914"
"Pesel","11720784"
"Pesel","12156587"
"Pesel","79391786"
"Pesel","10860613"
"Pesel","1773916"
"Pesel","69589177"
"Pesel","68579278"
"Pesel","68225494"
"Pesel","50742875"
"Pesel","14121809"
"Pesel","82205224"
"Pesel","69169772"
"Pesel","34124522"
"Pesel","32219780"
"Pesel","96570418"
"Pesel","96594991"
"Pesel","71936900"
"Pesel","53708130"
"Pesel","39974374"
"Pesel","70987482"
"Pesel","52042246"
"Pesel","87932501"
"Pesel","1168337"
"Pesel","12742060"
"Pesel","757087"
"Pesel","48926087"
"Pesel","6479623"
"Pesel","74108970"
"Pesel","75809109"
"Pesel","34072606"
